"","baseMean","log2FoldChange","lfcSE","stat","pvalue","padj"
"AADAC",281.149950935192,-6.78436821382195,1.1882497902409,-5.70954715880617,5.63771439034699e-07,6.71898912962664e-05
"ACACB",20934.4242554714,-5.18996150712534,0.955604406881302,-5.43107741001659,5.80948683570925e-06,0.00047671813031281
"ADH1A",1129.85774853476,-8.59998323771559,1.26915279071948,-6.77616068025999,1.06068149424625e-09,3.21572577229287e-07
"ADH1B",121455.243509557,-7.89878996368326,1.44011779603798,-5.48482213428251,8.32424864362536e-07,9.52657886162184e-05
"ADH1C",639.461889115022,-5.7454950835415,0.954157451893129,-6.02153771596286,3.28787100702304e-07,4.27200743401242e-05
"ADRA1A",134.885667454895,-5.9925979386276,0.963551750139293,-6.21927980283498,1.1008233508321e-07,1.78490475205522e-05
"ADRB2",745.534635806452,-4.34414011933828,0.799041967446259,-5.4366858016509,1.42465780891721e-05,0.00100899637688108
"AGTR1",1403.88687727783,-4.00812405734191,0.821790606883688,-4.87730575619636,0.000125886514650157,0.00555369542415967
"ABCD2",1515.18307558519,-6.45113849071108,0.988061674470596,-6.52908483083063,1.72415734085504e-08,3.77153962117924e-06
"ANGPT1",1271.08965962945,-3.73879005255586,0.630743600570606,-5.92759094055578,7.05441475476e-06,0.000559207987967925
"ANK2",3490.9282083904,-3.12994660454617,0.548211898415185,-5.70937371770747,5.11098919764206e-05,0.00288637269034158
"AOX1",2219.04674833068,-4.20812537498988,0.585046165679023,-7.19280908388793,2.08446311838035e-08,4.33995266852179e-06
"APLP1",461.21281645092,4.01292489122306,0.593480686202405,6.76167731236744,1.92020721371038e-07,2.81212719153636e-05
"APOB",786.311864964263,-6.93796679592093,1.03607113048879,-6.69641937870402,4.98511955775721e-09,1.26688016290592e-06
"AQP7",5638.39472753209,-8.1892986342061,1.06026844188964,-7.72379739946884,5.98223478374343e-12,4.78829357502238e-09
"ABCC6",618.647546114642,-3.45188964054395,0.699069122125796,-4.93783737729269,0.00022628518885473,0.00876779001927936
"ASPA",331.311076963058,-5.44378088702994,0.813481485860888,-6.69195425052473,2.34513052182294e-08,4.76778829972026e-06
"ATP1A2",5050.25301489267,-8.28626419843029,0.789972613739777,-10.4893056471953,1.43860546356943e-20,1.24302705079716e-16
"KIF1A",486.85875495772,5.55411782845059,1.18249071765601,4.69696526621387,5.87628881541533e-05,0.0032034115778925
"BMP3",206.472552960009,-5.63390271763748,1.08603485140716,-5.18758924756208,9.91496538725969e-06,0.000758143879899269
"BUB1",1267.38529933137,5.13328884072934,0.951452001814454,5.39521576594507,6.98956279880706e-06,0.000556620436526197
"BUB1B",818.37992473692,4.30918730175482,0.879048975179062,4.90210150222522,8.34392822067088e-05,0.00407320405597213
"C6",1609.18560299474,-6.06275967621789,1.35570966257834,-4.47201922621656,9.41769073696951e-05,0.00441049088416179
"CA3",925.817048303315,-4.76601796906528,1.01459115343968,-4.69747637056314,0.000102878446319508,0.00474091314892646
"CA4",703.689949509509,-9.39970053051716,0.686000379471548,-13.7021797826965,8.99410742590579e-35,1.55427170427078e-30
"CA9",324.531315982061,6.08748850510707,1.39526695751456,4.36295611554575,0.000133237954377994,0.00578513841609578
"CASQ2",402.70859374858,-4.37033978770267,0.903841177510718,-4.83529617420075,9.61574233539359e-05,0.00447896612662902
"CAV1",34051.5414263478,-3.41415002102935,0.60254032034852,-5.66625984308327,3.079693612118e-05,0.00192826758373229
"CAV2",9243.81723852368,-3.01386764697121,0.57840563665721,-5.2106470891074,0.000249068124142542,0.00939769924302895
"CD36",87850.5157676665,-6.28737852460384,0.867889884094526,-7.24444268775353,5.56767864112268e-10,1.88656969798512e-07
"CDK1",1562.02927498266,3.54174885306263,0.668697343828484,5.29649008740651,7.20435013027712e-05,0.00370322144242541
"CDC6",1137.50805203499,3.74269942652479,0.765109977438152,4.89171431152502,0.000168725037906901,0.0069422318573075
"CDC20",1514.11708425023,5.07437319344009,1.02291043264246,4.96072093069926,3.40098876458052e-05,0.00207676631945993
"CDH2",244.946231089258,3.18537966473122,0.590380168246802,5.39547199593536,0.000107101758086755,0.00487059337236108
"CDKN3",447.492105454576,4.16829146429298,0.892434869738537,4.67069542622667,0.00019249803188079,0.00776647112095827
"CDO1",3072.63197290145,-4.6246664694913,0.941554487900878,-4.91173535777162,5.91416414260192e-05,0.00321392045749383
"CEBPA",6629.32748730235,-4.02784382088447,0.757081129705295,-5.32022746684014,3.17563389986824e-05,0.00196695804385746
"CENPA",300.059627371574,4.4037506567076,0.960022040924077,4.58713495001504,0.000195949368242546,0.00785661492482467
"CENPE",790.273590786286,3.50808713945115,0.688244002753782,5.09715613273009,0.000134121254237042,0.0057943734861758
"CENPF",3531.69504023609,3.65785593085597,0.761621187259771,4.8027234431549,0.000241750568786246,0.00924268048494493
"CES1",5781.81326884817,-4.89901852705546,0.577418063055598,-8.48435274284751,7.26568799688621e-12,5.45905888148654e-09
"CHIT1",570.601275579274,-5.84461999675377,1.20990088151742,-4.83066016897487,3.1128629026682e-05,0.00194199941592091
"CIDEA",4806.82629384398,-8.80162642844746,1.29278267708889,-6.80827998737351,7.96038387291369e-10,2.54747025384855e-07
"CKMT2",315.620655840062,-4.48977494143503,0.696610561769829,-6.44517207724812,2.7264588635077e-07,3.70991619057296e-05
"CMA1",155.286680594356,-5.47091239644456,1.04869505474911,-5.21687631849608,1.00713670545116e-05,0.00076671054655954
"CNTFR",1909.83744468076,-6.65284748666576,1.09870471978185,-6.0551733026019,1.33754453957172e-07,2.027553262135e-05
"COL10A1",4375.94741759555,7.03381190159878,0.814682844306513,8.63380387933198,6.49201021250274e-14,1.60269183546086e-10
"COL11A1",9281.82763020736,9.66860817137229,1.12086350171527,8.62603533487916,5.21644164664534e-15,1.80290656191356e-11
"COMP",4512.9720154486,4.72937324981473,0.889586357827516,5.3163734000648,1.38097971643726e-05,0.000982086851018613
"CPA1",89.1090541511921,-8.84048262152296,1.26741123701746,-6.97522821584482,3.08127330935853e-10,1.18327742353389e-07
"CPM",8707.12631331505,-4.07904842703914,0.812883863218231,-5.01799655720815,7.59911580086924e-05,0.00385103578166631
"CRHBP",297.38247177635,-6.39848124895969,0.914852563324613,-6.99400264640166,1.80728782310872e-09,5.11995751985931e-07
"HAPLN1",411.046589800237,6.07013306425199,1.33877998907124,4.53407812620731,7.62631013500174e-05,0.00385351653342003
"CSN1S1",28.5058179973372,-5.39637401415519,1.05457848587401,-5.11709093864435,1.53080277101296e-05,0.00106668559217238
"CST1",439.02464147324,10.0386629278326,1.38589523715793,7.24345005212586,3.47131799616098e-11,1.93509181585993e-08
"CTSG",273.827889909128,-3.91296969456567,0.745887327405281,-5.24606002917052,4.70397191664686e-05,0.00270064248144765
"AKR1C1",6314.65575923952,-4.8950310999205,0.783147376332263,-6.25045968084008,3.28670729678246e-07,4.27200743401242e-05
"AKR1C2",7138.50577063993,-5.42710788122569,0.648696679735294,-8.36617181922415,4.40793928423005e-12,3.80867993853898e-09
"CFD",10647.416866439,-6.16551539472325,0.750207384787909,-8.21841469404665,2.88025841741258e-12,2.61967082691088e-09
"DPP6",84.1924650618496,-5.07286109856238,0.788150405172599,-6.43641247313888,1.18547438237904e-07,1.87946631210021e-05
"DPT",14240.1400023798,-4.69518470392793,0.806577957423254,-5.82111705473265,2.31034804238752e-06,0.000221806247336104
"EPYC",135.935250885001,7.12788601481586,1.25780330392756,5.66693217656421,5.52715368894407e-07,6.70653354306793e-05
"E2F2",387.22756603568,3.91397578895602,0.825465783107038,4.74153607460735,0.000207703553919176,0.00822602499342909
"EBF1",3926.03822905075,-3.78646658334031,0.615973144580373,-6.14712932967202,3.03865167267307e-06,0.000277835659023616
"S1PR1",3850.45374803057,-2.69636799214356,0.452155902055983,-5.96335905355431,8.78083940910052e-05,0.00423859457621972
"EEF1A2",3640.79949303043,5.23682216904621,1.21911936394199,4.29557787689721,0.000255284355491393,0.00952714693595365
"EPAS1",27288.2616505069,-2.6828797596654,0.451776566057582,-5.93851023101417,9.76472848564233e-05,0.00453613636990282
"EPB42",110.708339990474,-8.17236481876603,1.29676933712428,-6.3020959740528,1.5925920534481e-08,3.5284081122611e-06
"FABP4",101855.522947024,-7.31285643726625,1.20518529124089,-6.0678274871217,8.11307050578168e-08,1.34809587894628e-05
"FCN2",72.7101224469256,-5.19481699683135,1.14478617080196,-4.53780551279042,0.000124048974886078,0.0055199224397616
"FGF2",3226.29195655846,-4.23013149147243,0.487600774709958,-8.67539944740379,1.74164008919189e-11,1.07490294219018e-08
"FHL1",46822.3501202284,-5.89254988510209,0.709406107015587,-8.30631400946288,2.66151671879106e-12,2.61967082691088e-09
"FIGF",1224.12644016094,-5.6591970538709,1.02615064074095,-5.51497687492019,2.80660997472508e-06,0.000262167713368779
"FOXM1",2525.68884162457,5.13177568052443,0.940521874276726,5.45630656859611,5.58816653841036e-06,0.000462313092585849
"FMO2",8609.53849817211,-5.27178949401473,0.700654236088964,-7.52409565585693,5.4086711603503e-10,1.86934492644027e-07
"FN1",252120.294593047,3.2476975277304,0.633837145863275,5.12386746173907,0.00019543318097653,0.00785414139640795
"FOLR2",1609.22054267213,-3.8283508502836,0.809543080615591,-4.72902670895841,0.000238133930686112,0.00912495682143019
"GDF10",668.568148696498,-4.625628449347,1.04089743648325,-4.44388494698868,0.000247784187411311,0.00939025996196241
"GFRA2",166.988573585547,-4.05520753569128,0.670849093442129,-6.04488785232458,2.62876975768457e-06,0.000248239181325394
"GHR",10543.9583382114,-4.28294385259624,0.816561352292476,-5.24509743275503,2.90436234365191e-05,0.00182510129675086
"GJB2",2326.08495167314,6.02620659666791,0.687267282727346,8.7683594841785,1.30309219011594e-13,2.50208179304373e-10
"GPC3",5356.14795883989,-3.74467256950514,0.722196996483439,-5.18511235540844,7.22172111623959e-05,0.00370322144242541
"GLDC",154.519835661862,4.32615386681748,0.87602638422482,4.93838307238385,7.32693877683047e-05,0.00374606002965702
"GNAL",512.314764611758,-3.05615154785647,0.493744876327859,-6.18973825224488,1.56085671870385e-05,0.00107449758638944
"GPD1",33990.4928300953,-8.21069143233926,1.21060262837611,-6.7823175333371,1.29021335601169e-09,3.84416844917898e-07
"GPLD1",245.321454235089,-4.44410613087782,0.638181741393121,-6.96369990337946,3.39297681980305e-08,6.30473466914156e-06
"GPER",459.374641121325,-3.21383151428134,0.623090843171882,-5.15788596398102,0.00019044414984411,0.00770741300575192
"GPX3",36022.7267424404,-4.73009852295486,0.85737155129601,-5.51697629318911,6.78764309987527e-06,0.000543042872263632
"GRIA1",189.330425421561,-5.09138702721118,1.05486643522308,-4.82657031943051,5.2537196714206e-05,0.00292869450457482
"GRIN2D",162.810985013019,3.08688339139797,0.483639872971959,6.38260731570605,7.98183789427291e-06,0.000624136383035883
"GRM4",47.4358219195436,4.58515841459635,0.693018748940934,6.61621120872034,1.15029171113304e-07,1.84057324630464e-05
"GSN",85825.3059216386,-3.20479275533258,0.525631885592041,-6.09702882031764,1.36702869643191e-05,0.000977454314019216
"GYS2",310.01214712176,-9.38279902730894,1.94867242937903,-4.814969866587,8.52042236026355e-06,0.000660275420662397
"HBA2",4687.2998309208,-6.55566089075914,0.775928286732593,-8.44879739900294,4.03330859420373e-13,5.80830048470288e-10
"HBB",7422.54459681472,-7.32218832039742,0.751157237061267,-9.74787695455591,1.93787794481736e-17,8.37211719109721e-14
"TLX1",318.593961697891,7.46511793652506,1.39458167715328,5.35294422608748,1.7777216248717e-06,0.000176556364364413
"HSD11B1",927.939277180656,-4.51391016606849,0.917641000569464,-4.91903714335702,6.42586322956778e-05,0.00338552873384637
"IGFBP6",2146.52413050321,-3.51384256541924,0.596415212789028,-5.89160452327731,1.24933227168143e-05,0.00091871110582667
"INHBA",985.39360388551,4.40324418362435,0.671537474270872,6.55695974138333,2.01178149434064e-07,2.91985514059646e-05
"ITGA7",7425.24741101504,-5.0716491511215,0.676463140441423,-7.49730302794032,8.77349068597817e-10,2.75663077353434e-07
"KCNB1",392.491205061332,-5.16800193997192,0.756792168691777,-6.82882587025913,1.82024946830905e-08,3.9319663827311e-06
"KCNG1",366.480093528173,4.75710766333605,0.975187854806228,4.87814490294416,5.84126756420317e-05,0.0032034115778925
"KIF11",1855.93672712907,3.74934671861327,0.791239781033235,4.7385720593032,0.000255682311507935,0.00952714693595365
"LEP",13342.7487133952,-9.18731748140478,1.11490744084661,-8.24043068044136,1.04043435075953e-13,2.24746825193443e-10
"LEPR",3703.20516550399,-3.74194192503026,0.504175629573491,-7.42190162621657,2.68706595002923e-08,5.21743670589383e-06
"LHCGR",28.1338777116633,-7.18922164045992,1.45369003127083,-4.94549834270725,1.03407835809427e-05,0.000783767899395928
"LIFR",8407.54543581591,-2.81793159118019,0.444500425978112,-6.33954756056624,2.15843870481738e-05,0.00141287800219504
"LIPE",22171.3469282574,-6.91481720442789,0.891700718191025,-7.75463904353002,1.64258101132288e-11,1.0513126835804e-08
"MAOA",12054.2436044498,-5.28266433489658,0.810936115727958,-6.51427927852795,6.41924942844575e-08,1.10931049372971e-05
"MEOX2",1216.16728419915,-3.49075664452393,0.659225362493366,-5.29524020635516,7.89486764440852e-05,0.00392043700468459
"MFAP2",1799.43174183865,2.84753341067334,0.421575093058281,6.75451054286948,5.86750012277418e-06,0.00047828429066821
"MKI67",3994.86586936159,4.17449535549355,0.919037464641742,4.54224720547257,0.00027602177833975,0.00997893797382684
"MME",12493.0915325449,-3.59480058850489,0.599976111798022,-5.99157286067926,7.63213622465356e-06,0.000602241763005654
"MMP1",451.312627309509,6.85632779341444,1.23370064873237,5.55752953559626,1.03257886891337e-06,0.00011512255118511
"MMP11",9462.4312373548,6.44362529079683,0.755955228169941,8.52381867428303,2.98886828925911e-13,5.16506329066867e-10
"MMP13",405.365560087505,8.14333468738194,0.789336614306874,10.3166818056865,7.16183797031523e-20,4.12545739883392e-16
"MYBL2",2975.66540597878,5.85915418489609,0.927032283038446,6.32033456881576,7.95850200296985e-08,1.33525119527497e-05
"MYH1",166.707101834421,-7.16158722914049,0.958398831977698,-7.47244987179527,6.42049414096202e-11,2.99871781756661e-08
"MYH11",12632.4523927266,-3.26599414422095,0.630658774552265,-5.17870245528516,0.000163409323359895,0.00674775211552558
"MYOC",905.990877684197,-8.96404751155777,1.12527393721149,-7.96610248858279,7.34262103991057e-13,9.76060263005342e-10
"MYT1",35.5471652392506,4.83214873754433,1.05553778454182,4.57790219195407,0.000141443033875858,0.00600559476267494
"NEK2",862.88842469646,5.12193795926478,0.996223126269713,5.14135621248175,1.75509494120325e-05,0.00118475764370834
"NNAT",377.98476082487,-4.14325103994766,0.859177152180282,-4.82234778873435,0.000126876922229302,0.00555609883170717
"NOVA1",1038.04266173789,-4.2460184847262,0.731897025724623,-5.80138781206603,4.60200411654952e-06,0.000391759769153164
"NPR1",4449.77702968057,-4.64969316698356,0.658686878784889,-7.05903414314411,1.50493081062262e-08,3.42193543925914e-06
"NTRK2",12113.321874927,-3.92239657800291,0.536526785125743,-7.31071902977526,2.56306279318984e-08,5.07911866517779e-06
"PC",5775.14635900802,-3.4435893776408,0.66797660596245,-5.15525446086412,0.000126998381952684,0.00555609883170717
"PCDH9",568.61622930695,-4.85808471142735,0.753893025949383,-6.44399741635695,1.54765606430217e-07,2.32565603888746e-05
"PCK1",5939.33412227227,-9.02033831818996,1.19530847039068,-7.54645226871163,9.74137888898358e-12,7.01419869085522e-09
"PDE2A",2744.84041536621,-4.13845222578195,0.595180262174475,-6.95327531639277,6.70647986903341e-08,1.14747206551254e-05
"PDE3B",6275.00128265781,-5.91199962716684,1.03961425792425,-5.68672426537419,1.15155997320199e-06,0.000124375674355647
"PDK4",15412.7140345233,-3.29282044347668,0.551620960996224,-5.96935337179694,1.61569937815065e-05,0.00109924806904809
"ENPP2",7896.81225152121,-3.62036708623061,0.517560232515275,-6.99506426263876,2.06439407616079e-07,2.924163445093e-05
"PFKFB1",723.157904650992,-6.31519949569859,1.02595808072955,-6.15541669227645,1.10517220340205e-07,1.78490475205522e-05
"PLIN1",58744.3741693506,-7.99096483813168,1.15714519148977,-6.90575815109572,7.63148880508739e-10,2.48829732152293e-07
"PLK1",1125.3688947394,4.79163281656692,0.845628525327502,5.66635664840088,3.66619943165231e-06,0.000321601991768445
"FXYD1",811.69117623317,-4.54868086558943,0.84555309930826,-5.37953307640959,1.35311721482291e-05,0.000974300774556446
"PPARG",5247.58362984949,-5.12279708540396,0.732714703077547,-6.99153035129115,9.18221849930971e-09,2.20385997064682e-06
"PPP1R1A",7368.84387548697,-5.98107782916572,0.912342860355269,-6.55573478904265,2.38529605421743e-08,4.79305826894552e-06
"PRELP",8721.0027205814,-3.43120357754981,0.6561665447714,-5.22916568193094,0.000105627695455083,0.00485466012010448
"PRKAR2B",19180.0417264491,-4.34904865669894,0.737108433821768,-5.90014773559154,2.7664530327466e-06,0.000259821059015729
"MAPK10",1159.25254714366,-3.67632129091503,0.607552379355152,-6.05103595317499,5.28706341574776e-06,0.000445556116791203
"MASP1",227.441310587002,-4.12574204550632,0.702104754786407,-5.87624854749979,4.2545078372831e-06,0.000367610749680447
"RELN",345.485885370583,-3.07242541923378,0.598248681591634,-5.13569944033912,0.000265951198093533,0.00971649609778931
"PTH1R",457.004741015093,-3.81682022680783,0.76179808516569,-5.01027805284871,0.000108826333433408,0.00493603114977091
"PTPRB",4969.20202051939,-2.57055325319836,0.437146057260019,-5.88030753224743,0.000163607900955108,0.00674775211552558
"PTPRN",107.099154181195,6.62954989546632,0.920207327738395,7.20440893658155,4.74685930323044e-10,1.70896824206511e-07
"PYGM",597.551206118831,-6.05479861545441,0.960251289926074,-6.30543137923881,7.04630176851435e-08,1.19379549864408e-05
"RAD51",388.19763418538,3.74405196202208,0.76331658163625,4.90497920796677,0.000162254125468943,0.00672401329071654
"RBP4",11267.6160787519,-7.98829439888269,1.06485023489409,-7.50180085153215,2.64207691833691e-11,1.52192437419267e-08
"RDH5",2461.25333711953,-5.75159171354175,0.89611668304135,-6.41835134016399,5.71371609976376e-08,1.00003007327003e-05
"RGS4",1289.8451780186,4.37742106128843,0.711860160707071,6.14927102668656,1.04510608245089e-06,0.000115772296223294
"ROBO2",62.6553996557672,-3.2291547010453,0.614341608817094,-5.25628519165908,0.00014252184621939,0.00603656868754236
"S100A7",571.406834054955,7.66326865376852,1.9238222601883,3.98335584962951,0.000269889121987734,0.00979822251485301
"SAA1",7310.71303470797,-4.63858592114733,0.944224713900814,-4.91258685867715,5.82177784073339e-05,0.0032034115778925
"SAA2",3254.7811333726,-5.85794245153934,1.09464544539982,-5.35145190267495,4.54192919291786e-06,0.000388559793974324
"SCN3A",181.974736774683,-3.40299044368204,0.368825359548902,-9.2265630753919,3.62836777578254e-11,1.95943198541557e-08
"SCN4A",971.278875223052,-5.96249485817326,0.751653932827989,-7.93250004791466,2.02686173439258e-11,1.20779991834614e-08
"SCT",11.7115147710068,6.87587200837411,1.5555181854698,4.42030962582251,7.94314296146561e-05,0.00393310755063287
"CCL11",30.1256807248655,5.87857122869328,1.08416291700817,5.42222126995052,3.40017228383744e-06,0.000299787638964259
"CCL20",38.1669385614871,5.78630118240072,1.25813739997782,4.59910116534388,7.11444046244988e-05,0.0036699894218387
"SLC2A4",2379.3375643484,-7.31355152012812,0.97301243163596,-7.51640090335906,4.33002030157433e-11,2.13791659518589e-08
"SLC8A2",60.3963502160482,4.23585024139463,0.883057783036713,4.79679849129253,0.000123975703353014,0.0055199224397616
"SOD3",3561.38066100009,-4.42991781121322,0.506042719587954,-8.75403921396258,6.09585432848171e-12,4.78829357502238e-09
"SOX11",779.007962233468,5.49616897167543,1.12508060480907,4.88513351681869,3.21728376260178e-05,0.00198563859648291
"AURKA",1147.19763173535,3.78347731623924,0.760183792543008,4.97705601376024,0.0001253301547073,0.00555341129101758
"SYCP1",15.4991020434378,-6.90411699343294,1.57169973594686,-4.39277098260349,8.63937291485191e-05,0.00419373604892011
"TACC1",14514.2874686537,-2.82502834408979,0.470518147675763,-6.00407945590343,5.24945066935563e-05,0.00292869450457482
"TACR1",738.211094872578,-4.06399596125705,0.8212032599612,-4.94883076992299,9.53210476805872e-05,0.0044520081755898
"TDO2",82.9923174078766,4.9601455325823,0.975732772634647,5.08350818143481,2.46804461501809e-05,0.00159142832060178
"TFR2",115.28547188996,4.76783901725479,0.79320526027094,6.01085148581366,1.01636062649268e-06,0.000114050181730001
"TGFBR2",20446.1463939233,-2.85715956572688,0.437140201011609,-6.5360256483274,1.0763692138857e-05,0.000808312358223347
"TGFBR3",9738.91777337112,-4.00623073427667,0.634539923689025,-6.3135991680171,1.08103166064538e-06,0.000117837505298138
"THRSP",5949.74539819535,-5.4420153105125,0.961999163384492,-5.65698549192754,1.94211799478431e-06,0.000191781377530672
"TIMP4",6425.16880284053,-7.7260740882572,1.07469615041555,-7.18907766187657,1.9424691647413e-10,7.99233562759389e-08
"TLL2",34.8315207174981,3.65770790291249,0.766514238054981,4.77187209489268,0.000262892355064285,0.00964552608888729
"CLDN5",1651.40932319216,-3.44688169689228,0.685833872683824,-5.02582598232403,0.000180032044603302,0.00735492615316706
"CLEC3B",4653.37686450063,-5.1668352849557,0.782996363132436,-6.59879857460051,5.14141661154494e-08,9.25508546501127e-06
"TNNI3",51.9516908440539,7.89221445031056,1.43795335160736,5.48850520184718,8.21544398244616e-07,9.46473916404348e-05
"TNNT1",705.759059135233,7.73090649295307,1.17301016340299,6.59065601829498,4.78590819310372e-09,1.25311029522766e-06
"TNNT3",303.582165900966,-5.24139224224828,1.18966976613986,-4.40575392552429,0.00018187772261001,0.00741280406703676
"TNS1",58547.3762257253,-3.74929467762204,0.68178743180719,-5.49921354179838,2.75955730894092e-05,0.00175323197999294
"TNXB",18001.1121141055,-5.37369296346503,0.782273315953339,-6.86932924065833,1.12880420333667e-08,2.63606289700825e-06
"TOP2A",5313.52181381856,4.40362223453856,0.879389203450186,5.00759187997923,5.432017900482e-05,0.00299906394051851
"TPO",119.590423260023,-4.38425991497891,0.878659427552128,-4.98971476035156,5.86705784549778e-05,0.0032034115778925
"TSHR",90.2317795434519,-5.05677135087316,1.00684717418595,-5.0223822249505,2.79864337530374e-05,0.0017715515080082
"TTK",1214.56366629849,5.41052335835639,1.01277763064866,5.34226190885661,6.6571652047643e-06,0.000537581644409027
"XPNPEP2",279.002194276705,-4.08474755615958,0.887492139504437,-4.60257322215884,0.00025466848242205,0.00952714693595365
"ZBTB16",797.466622797598,-5.79744194425976,1.0648933291246,-5.44415274816829,3.31730330792406e-06,0.000293981120329414
"SLC14A2",88.6739283430557,-4.91214031392898,0.78511960169342,-6.25655034383807,3.13257966979602e-07,4.13237475372099e-05
"CDC45",530.796185421039,4.77916446109879,1.08627552778258,4.39958770944103,0.000251685843417019,0.00947578008734096
"FZD4",19675.164497731,-4.24922736000446,0.692327976238233,-6.13759302793547,1.34488137191415e-06,0.000139455833364668
"SRPX",4086.36802378026,-3.06365512363872,0.521998088177702,-5.86909261360315,3.85279761283672e-05,0.00229026785159674
"SDPR",4264.41453264075,-4.58746440317842,0.553648367971587,-8.28588083802289,4.59585955426843e-11,2.20614024881424e-08
"RAD54L",320.168622498638,4.36018180774636,0.857742635563267,5.08332176455598,4.47416296751224e-05,0.00260330000813397
"PDE8B",696.816155096766,-4.3234928979844,0.645924598946151,-6.69349472839141,1.33528025306574e-07,2.027553262135e-05
"HSD17B6",155.515902218699,3.65761332167764,0.432595685169777,8.45503884358478,4.03838321697897e-10,1.48483617814071e-07
"AOC3",32124.0891195427,-5.25064802771697,0.772661371256972,-6.79553582337781,1.88492213215495e-08,4.02139992169995e-06
"AKR1C3",4282.9920876188,-3.13970044663281,0.474477378586159,-6.61717626241411,3.24758705613882e-06,0.000289286350088324
"SLC4A4",962.81431216004,-5.66047885638516,0.770630272524209,-7.34525888509958,7.350069963018e-10,2.44262613520989e-07
"MYOM1",1122.55085079275,-5.10542203863428,0.69559260240459,-7.33967270638787,1.7950659687811e-09,5.11995751985931e-07
"WISP1",528.510705495485,3.64148679374997,0.689543330874363,5.28101227392403,6.38696043626463e-05,0.00337532303666939
"ALDH1A2",528.609996207033,-3.11422480783413,0.577059389097138,-5.39671456122848,0.000124254952205732,0.0055199224397616
"GYG2",16229.7439068974,-5.46889443504294,0.893277207154467,-6.12228140519122,2.82506133988918e-07,3.81405351676758e-05
"PRC1",2163.0043130122,3.35548796417577,0.673776173158202,4.98012262506633,0.000236188454477321,0.00909036232031754
"ANGPTL1",943.040794603902,-3.66743840501183,0.736712658908588,-4.97811237619428,0.000146885999839607,0.00620620284407885
"PKMYT1",729.955896047097,5.72966304730132,1.0319029957141,5.55252099383263,2.28700128643631e-06,0.000220791448217351
"CCNB2",912.058721943732,4.5784373793874,0.855821173930703,5.34975941102168,1.44929655997093e-05,0.00102225689195338
"CCNE2",608.937438741978,3.70809347209133,0.743462085240591,4.98760265749309,0.000134978447528718,0.0058168642188124
"SYNGR3",98.1091890166674,4.369899421067,0.725847769142587,6.02040759349439,1.71935890661507e-06,0.000171747059336503
"EXO1",696.540255002302,5.05652467319087,1.07857658695533,4.688146149607,8.46281130967599e-05,0.00411960118992988
"SLC16A7",1205.67226949194,-4.95046484403055,0.977212031771463,-5.06590656180981,2.6432889511912e-05,0.00168556001348838
"AURKB",551.316550654997,5.35583125857762,1.02444169761759,5.22804886899173,1.05981490314492e-05,0.000799766870796829
"DLGAP2",34.8904417074478,-4.43290287978806,0.874947656569265,-5.06647780184908,4.36266746022358e-05,0.00255563580949572
"PTTG1",875.621673993093,4.48780270302054,0.871600865938829,5.14891950937495,3.14572361207294e-05,0.00195544063813786
"GPR37L1",57.4341906221157,5.40068536733505,1.03024086084043,5.24215799684881,9.70789931109707e-06,0.000745609813311415
"TRIP13",1341.66058942058,4.23458240450571,0.794172458411224,5.33206907348206,2.32160300700026e-05,0.00150825644977336
"GLP2R",27.2796121823226,-7.71526878943426,1.48249428829918,-5.20424857642167,2.9553053924453e-06,0.000271652300461954
"ADIPOQ",136397.929705801,-7.66862385723095,1.47046139491175,-5.2151140341166,2.88129011583626e-06,0.000267696637052508
"FHL5",342.806687742475,-3.67414732349297,0.519303086269014,-7.07515017846371,1.30596141549279e-07,2.01502850188668e-05
"ONECUT2",203.686456198779,4.85136609915726,1.00494625999206,4.82748808796561,6.3449910819998e-05,0.00336342916834474
"KIF23",1371.73213645486,4.21411103842129,0.806664538039498,5.22411837845654,3.38189633645165e-05,0.00207243087199365
"KIAA0101",565.935405815772,4.29970826442864,0.933964691063501,4.6037160778879,0.00020543403278328,0.00816116211615601
"DLGAP5",1043.59502883725,5.43354837614285,1.13608669145774,4.78268816719517,4.7614745068563e-05,0.00271561191263973
"MELK",1346.27162641355,5.51874899974243,0.984235249324282,5.60714423053968,2.20431268216676e-06,0.000214004086856876
"GINS1",776.775942223488,3.43882064002696,0.64479266816213,5.33321920335838,7.76826399422596e-05,0.00389111217635417
"KIF14",507.337154833664,4.95955297245977,1.01428444712803,4.88970622245354,4.73511831731233e-05,0.00270952250468458
"NAALAD2",439.984872743271,-4.56013909133707,0.705671487355361,-6.46212745313979,2.26716258177211e-07,3.18527126630926e-05
"TROAP",465.13548339712,5.00496555642021,0.970173735282367,5.15883431431333,1.82896622344262e-05,0.00122505291888806
"SGK2",520.860578045786,-4.05094163874947,0.881397484249135,-4.59604402229543,0.000268609898176415,0.00977231084291923
"KIF20A",1026.1792801109,4.76171433669395,0.913575801091887,5.21217213831939,1.91443708462143e-05,0.00127243797151319
"FAM13A",7126.78542640036,-4.08016692807896,0.697535546022831,-5.84940359146287,5.03220660688879e-06,0.000426282168498261
"ODZ1",179.249553982443,-4.12792748613232,0.690480908148728,-5.9783368916019,2.94819450079482e-06,0.000271652300461954
"ANGPTL7",108.86580174742,-4.85451798800344,1.03071898554147,-4.70983658601495,9.21487133825927e-05,0.00436279976976598
"GLYAT",941.518621325034,-8.6135862714784,1.33091634518772,-6.47192162198857,5.30894259494526e-09,1.31679026936574e-06
"NMUR1",285.209489760405,-5.04628916647994,0.796102896522796,-6.338739864559,1.86131188379258e-07,2.74917356101022e-05
"TRDN",121.564169413205,-6.28522502892224,1.12263654543463,-5.59862856280783,1.25164664094359e-06,0.000132697580381265
"ABCA10",599.033729609813,-4.72743567615781,0.621770548024552,-7.60318366828005,1.01822057020423e-09,3.14211958458915e-07
"ABCA9",2827.57505228602,-4.94633268990115,0.798831420956783,-6.1919606066281,3.90348498408366e-07,4.92380467225911e-05
"ABCA8",5454.48669209982,-5.23732281697036,0.852811546121864,-6.14124285815188,3.37101824911156e-07,4.34735569872365e-05
"NDC80",575.402889054287,4.3969863381869,0.898788024955494,4.89212830623175,7.85667877576294e-05,0.00391917935778483
"SORBS1",29972.6404104702,-4.72754996152878,0.681839912257856,-6.93351896323272,2.28988362923102e-08,4.71089035675491e-06
"POSTN",49795.8448316784,3.08582421021958,0.50868028173358,6.0663334535066,2.06162992112787e-05,0.00135463979722474
"DLL3",41.5135425517957,6.38976287885837,1.49615078660401,4.27080140322085,0.000158026731553059,0.00658038541679134
"POLQ",339.959232755811,4.03937805428251,0.830371688303044,4.86454212153767,0.000125979318689346,0.00555369542415967
"CHL1",2994.13452232077,-4.59250811519899,0.787917258338528,-5.82866800618527,2.56378814995205e-06,0.000243433093512755
"ALDH1L1",3170.19778416206,-6.67579532642891,1.00240223461577,-6.65979693170557,7.47252142481736e-09,1.81876961608829e-06
"PROKR1",17.477229916386,-6.47302219752572,1.3459890960852,-4.80911934305594,2.39100245108417e-05,0.00154752484483841
"LYVE1",4890.22977400022,-6.33733509316146,0.796208904802908,-7.95938736044429,1.01787739994925e-11,7.0359757394092e-09
"UTS2",18.4941070352502,6.95188724677722,1.35755007791621,5.12090666846566,5.8207005089985e-06,0.00047671813031281
"LILRB5",832.311764901916,-4.62844992227033,0.910447234211244,-5.08371023421268,3.36908324032555e-05,0.00207192624469985
"KIF2C",1085.76845494352,4.75850163229839,1.05879799617143,4.49424880808703,0.000192802274804184,0.00776647112095827
"UBE2C",2664.10452900735,6.4950189410713,1.09218806683655,5.94679537186639,2.43710337586114e-07,3.39641801921423e-05
"ESM1",1119.48550228721,4.43428426306095,0.960500335664336,4.61663999314893,0.000174776604481579,0.00715714336977766
"ADAMTS5",3809.19365464278,-3.10407906149939,0.396850983235669,-7.82177490450122,5.72900742166152e-08,1.00003007327003e-05
"FAM107A",2431.42768510289,-4.36318180079844,0.546092780781692,-7.98981776421374,3.66891393388559e-10,1.37831525416254e-07
"IRAK3",1554.65473503185,-3.13317169849295,0.596447031852829,-5.25305941880527,0.000174136225341793,0.00714785774378035
"OIP5",154.437609179053,3.58766785496042,0.744279239062876,4.8203250428934,0.00025377210815574,0.00952714693595365
"NLGN1",97.1759540939298,-3.53081585037293,0.722009633957252,-4.89026140970022,0.000228099517587933,0.008799777935892
"MMRN1",1697.20461527082,-4.29225750763741,0.756325884226197,-5.6751429471819,6.71553640211226e-06,0.00053977295146466
"TPX2",3934.23278403184,4.90131001422355,0.805591471265448,6.08411358492217,6.40144243835323e-07,7.57694019021795e-05
"MAST1",112.96401173616,5.4503413507644,0.939473208408095,5.80148672892952,1.08420596854372e-06,0.000117837505298138
"SIK2",8542.07175752407,-3.49350128905071,0.63782207258785,-5.47723485779733,4.62629210660686e-05,0.00267381116703254
"NCAPH",794.231895959002,4.48729194536289,0.842340178156002,5.32717310859633,1.73650033550172e-05,0.00117680244305119
"ABCA5",1530.97386500956,-1.88520955597253,0.211755889100918,-8.90274912294919,1.45542997404026e-05,0.00102240997485324
"PRAME",1126.82552701136,8.70248061774413,2.11488656961356,4.11486873233786,0.000137488900952354,0.00591031267999409
"MAPK8IP2",1638.01868621219,4.45281150895098,0.639062214748891,6.96772772068935,3.27796388789748e-08,6.15722760290831e-06
"ORC6L",398.060958596958,4.25423712637982,0.882957771985084,4.81816601128654,0.000114079530132177,0.00516075486967054
"BHMT2",1123.19938010038,-3.94558984382593,0.745063576176392,-5.29564183512284,3.85122551298821e-05,0.00229026785159674
"KIF4A",1003.2197079822,5.09100470216379,1.04958133173074,4.85050995883171,4.85487152396351e-05,0.0027597708817636
"SLC24A2",32.5804121276018,5.64416491175892,1.2785919663796,4.41435974898282,0.000140582239657345,0.00598374798896201
"DGCR9",43.5994989642715,3.90063884342811,0.825707256955945,4.72399728907339,0.000221611660919225,0.00862538538816471
"QPCT",1670.28555614177,3.87064430343343,0.814334990432216,4.75313519486501,0.000211631161135743,0.00834976734152231
"PAMR1",1639.92918829283,-3.50533645889495,0.554773195506303,-6.31850364669452,3.15145039175522e-06,0.000283387800216308
"CCDC69",6527.49295539499,-4.15801116970557,0.699168866405709,-5.94707712184196,3.13894665687249e-06,0.000283387800216308
"PCOLCE2",5675.24529667539,-5.16792797508805,0.992524269165037,-5.20685300666308,1.3386087979818e-05,0.000967886972298052
"PCSK1N",210.929786907261,5.27084403521292,1.14137383878597,4.61798216859369,9.13567083703314e-05,0.0043491329954482
"CDH20",63.8284445148718,-7.47228771474383,1.28759744600207,-5.80327938514086,2.49598716753544e-07,3.42326620969682e-05
"UBE2T",989.38862221512,4.2963959098761,0.865877836356379,4.96189615841811,7.03321826666684e-05,0.00363895343910987
"TRHDE",313.602676329245,-6.44656349097795,1.14368132128241,-5.63667812966416,9.5699038915495e-07,0.000108800992861755
"DMGDH",436.404170002009,-4.29396363816747,0.790422634298673,-5.43249073576622,1.54084214061484e-05,0.00106936919807088
"KCNIP2",9244.49758724764,-7.24059674405952,1.054077403878,-6.86913192278007,1.60545870307305e-09,4.70236133013652e-07
"CD209",1154.27644529158,-4.16794789559358,0.801179624680437,-5.20226397077439,3.84109837987687e-05,0.00229026785159674
"G0S2",8479.85930157702,-6.47284681509,0.881497095028914,-7.34301548081413,2.67324478295753e-10,1.04991688850657e-07
"PDE11A",596.545305380466,-4.11972582603767,0.722750836633911,-5.70006372489943,7.92753328273867e-06,0.000622707739359123
"MLXIPL",1748.25722069841,-6.18685668951235,0.798925822567247,-7.74396885762393,4.2271164992204e-11,2.13791659518589e-08
"NUSAP1",1365.7349455914,3.93007376885637,0.773998682324913,5.07762333270561,7.66594700067051e-05,0.00386225160695589
"CRIM1",14596.6431712514,-2.49336573978905,0.428710265843398,-5.81596928845143,0.000247551786622438,0.00939025996196241
"KLRF1",38.641566550608,-3.37534422401725,0.63502407095266,-5.31530122780004,9.18061702128179e-05,0.00435852315232886
"ANGPT4",45.7069437086586,-5.36606243291404,0.991363465230692,-5.41281035776858,5.31129911804801e-06,0.000445556116791203
"GTSE1",461.944241596799,3.98203480807951,0.846753751342427,4.70270701696505,0.000214375423687308,0.00840050271369699
"CES4",106.554601283627,-4.30596665536122,0.889477572141646,-4.84100644043615,0.000100901796937576,0.00467475590583982
"SLCO1C1",73.1750951596711,-4.46438745070112,0.985597938078273,-4.52962336691351,0.000219882769139181,0.00857741339389208
"SNTG2",46.0011481165136,-4.76684353656689,0.99911840027433,-4.7710496926671,8.15729884698539e-05,0.00400472390269189
"ANLN",2318.91697967984,4.78031937720323,0.811117232865454,5.89349995723267,1.5761958651927e-06,0.00016022494556703
"FAM64A",249.35383073387,4.6374589172058,1.0370507146931,4.47177640543663,0.000226193516466723,0.00876779001927936
"GIPC2",315.161021887272,-3.50177883883622,0.691740983226063,-5.0622688603833,0.000149225395027415,0.00627436508873176
"ERCC6L",296.158181651863,3.70945718795329,0.750551819887684,4.9423065665318,0.000153126111238332,0.00639172059978168
"ACSM5",940.007829577448,-6.2684658633652,0.82668885335496,-7.58261810102534,9.26991792135239e-11,4.21561714733923e-08
"PID1",1249.94253993219,-3.16589033727182,0.594288534209343,-5.32719403964911,0.000133951008694405,0.0057943734861758
"CDCA8",972.71515289195,4.15089354312679,0.821596585660001,5.05222832662129,6.27603711520365e-05,0.00333711376577952
"CEP55",1015.91166485952,4.72019812507915,0.936022119142675,5.04282754493291,3.52675742688427e-05,0.00213097535293661
"NEIL3",134.205393208655,4.41254200226921,0.965755245877692,4.56900650667347,0.000205021673417721,0.00816116211615601
"TMEM100",742.03677849314,-3.81582569354919,0.720847058487792,-5.29353022755495,4.68652396518652e-05,0.00269959402141294
"NIPSNAP3B",637.793761698746,-4.05217091895792,0.812961376609986,-4.98445687033164,8.68836651870471e-05,0.00420570481259765
"HJURP",545.340787428203,4.73444248643973,0.913413823293589,5.18323936610491,2.17138639185194e-05,0.00141598974481484
"MCM10",897.726490733842,4.78344973804917,0.983573473578307,4.86333747965635,5.98772365773852e-05,0.00324369443665766
"STAB2",63.0361713810546,-4.19510727258688,0.768274408253694,-5.46042823699211,1.59955012876081e-05,0.0010925622836014
"DEPDC1",525.732594668935,4.48222005247865,0.954193552557768,4.69739083906385,0.000131438805937968,0.00572139547963229
"ST6GALNAC1",132.224438195096,-4.09381081397219,0.538870949310375,-7.59701523938389,4.69808553557737e-09,1.2490402483125e-06
"BEX1",571.373082607246,4.718828398715,0.992795880641917,4.75307008290961,8.9909201162128e-05,0.00430393602571394
"LMO3",1186.61215922976,-4.6868258149528,0.868181868875082,-5.39843779624839,1.08517138538173e-05,0.000808312358223347
"LOC55908",101.853483560511,-6.26863146966529,1.08161512646797,-5.79562111907179,5.54964583449287e-07,6.70653354306793e-05
"SLC7A10",1540.28836749443,-7.78813381703077,1.4464809776663,-5.38419373450444,1.34767225113706e-06,0.000139455833364668
"CYP26B1",1099.75100903298,-3.47181080642199,0.635227975495648,-5.46545640360541,4.98710456212209e-05,0.00282564439141088
"SEMA3G",7849.34909328261,-4.76158320146887,0.754265920404784,-6.31287066358973,3.06496149775221e-07,4.07427689558892e-05
"PLSCR4",3659.0397156792,-2.89061594144828,0.514783442501093,-5.6152076830679,0.000120027246063418,0.00538186925141796
"ZNF695",202.050972013713,5.29162814674817,0.909488487275228,5.81824643278505,1.18662583394887e-06,0.000127366962959444
"SALL4",114.133954459382,3.94715200879384,0.840792848784049,4.69455944410349,0.000228129189009873,0.008799777935892
"KIAA1199",890.68376793482,5.86991323964661,0.783473208805523,7.49216842857439,2.55318083216888e-10,1.02608181303978e-07
"HHATL",31.7821878495331,-7.93771180423436,1.68704737540524,-4.70509122621863,1.96420648431245e-05,0.00130051541208442
"GPAM",33944.3562521231,-5.66884537410548,0.868471217852906,-6.5273842789176,3.80930098642627e-08,6.92931898383499e-06
"PAPPA2",218.154168545495,-5.84112959197537,0.979397243794109,-5.96400452317723,3.84711290208467e-07,4.88837926918567e-05
"CIDEC",15580.9293209575,-8.86300747275214,1.14081699879452,-7.76900018330502,2.74226262864547e-12,2.61967082691088e-09
"ANO3",369.064260395201,-6.57970786365981,1.0077168772812,-6.52932188792129,1.53866397498704e-08,3.45320157814948e-06
"TNMD",402.84543168172,-5.70622999357312,0.966513001834698,-5.90393505596012,5.600078291324e-07,6.71898912962664e-05
"NCAPG",996.208528107722,4.02431461114431,0.870405243198039,4.62349536907452,0.000255806734464585,0.00952714693595365
"ROBO3",296.851931823716,-2.05736444608801,0.299084790691555,-6.87886683014169,0.0002036304910487,0.00812687878940551
"SOX17",611.930270129256,-2.98921002467923,0.543753007824742,-5.49736733712503,0.000126948338100373,0.00555609883170717
"HIF3A",592.355616639542,-5.0851945265484,0.846776806512629,-6.00535405249383,7.0210835535298e-07,8.19806384382085e-05
"EBF2",304.128913202178,-3.47615171189415,0.662900621505092,-5.2438504341747,9.37350883108994e-05,0.00440172842690395
"MOSC1",5757.53204345899,-4.00900023176713,0.764473232099036,-5.24413421351524,4.14179348097855e-05,0.00243624409829668
"C1orf135",242.161872159263,3.30884863026464,0.654121117377656,5.05846477412268,0.000208018802275824,0.00822602499342909
"MMP28",798.23773767236,-3.35960180634061,0.64954876974998,-5.17220871287889,0.00014024725292228,0.00598374798896201
"KREMEN2",144.05743383769,6.25534010674743,1.04489474162517,5.98657439601834,2.45830620741414e-07,3.3985591656259e-05
"LRRC2",155.43297310009,-3.92084578145611,0.771884779587167,-5.07957390162963,7.71504300277516e-05,0.00387568773636504
"C14orf139",2097.48116298533,-4.71133212712454,0.684415632788426,-6.88372956638903,2.93643848524444e-08,5.61744759687264e-06
"E2F8",169.946625617653,4.6046325697057,0.938227375155784,4.90780027489726,6.10288866848078e-05,0.00327528009565268
"SHCBP1",457.185524853632,3.68432148509621,0.679035667946823,5.425814370306,3.85665149478994e-05,0.00229026785159674
"HHIPL2",72.4348685663114,4.53274542583075,1.01731404119756,4.45560096712603,0.000257728803529887,0.00955753530858365
"C7orf58",4035.2311647403,-4.31469141342599,0.745744531167086,-5.78574998957555,4.39851603322105e-06,0.000378162963035288
"FRMD1",205.549084312898,-7.16844505164723,1.10099144238773,-6.51089988138417,1.05563837099015e-08,2.49897077932614e-06
"SVEP1",13960.6182665773,-4.16642646495616,0.817608881579973,-5.09586742368163,5.37986772865612e-05,0.00297979148137521
"PREX2",859.881303447718,-3.56269386377584,0.740741953097364,-4.80962884426711,0.000270458355754259,0.00979830365993573
"ULBP1",143.966093481223,4.41813282628372,0.959186121668426,4.60612672189078,0.000182926305999014,0.00743799880933875
"SLC19A3",9691.6697862441,-7.01663093323877,1.1049289869419,-6.35030035066655,2.58643853096259e-08,5.07911866517779e-06
"ITIH5",13892.67492691,-4.92917827508265,0.620072684713593,-7.94935561039817,1.17413799314533e-10,4.94884845354741e-08
"C12orf39",542.212457025271,-11.0451784248443,1.64357573771349,-6.7202126262889,4.92736401909518e-10,1.73775056355069e-07
"FAM83D",820.935255884435,5.02834152568014,0.825985301074936,6.08768887186765,5.3852027673247e-07,6.60011978880412e-05
"CDT1",464.890294316416,3.7366589652545,0.784866878589497,4.76088247215851,0.000244436494385743,0.00930420057154189
"CABLES2",1033.36702127502,2.46327638922615,0.387848058233912,6.35113760899777,8.07101437234982e-05,0.00397365240366317
"KIF18A",357.764069314147,3.80265030903748,0.754518533421552,5.03983685038645,0.000101807718641146,0.00470411547015415
"CDCA3",687.291253864388,4.92713646186833,0.934692459928664,5.27139853277983,1.32560913736728e-05,0.000962514769027055
"NUF2",1156.22081496461,5.81466547601117,1.0242984924594,5.67672950689383,1.29794832272256e-06,0.000136767347347369
"SLC25A18",173.164328485935,-3.38207291578596,0.635907474046173,-5.31849845114477,8.98588340127336e-05,0.00430393602571394
"FGFBP2",523.883718824749,-5.37653625889671,0.929447078075979,-5.7846609943909,1.24619079863963e-06,0.000132697580381265
"ZNF469",1058.496829767,2.27858054745289,0.306359391275468,7.43760632884948,1.50000129232399e-05,0.00104945434545146
"CBX2",1239.9254181864,3.55485299726783,0.736677731416066,4.82551982457048,0.000262101626784647,0.00963697492013933
"AIFM2",3299.44309125529,-3.25122161478721,0.644356801029144,-5.04568526256644,0.000238143367077427,0.00912495682143019
"ATOH8",705.954015961973,-4.6753694980191,0.488328685059687,-9.5742266245278,2.60740932808352e-14,7.50977343310188e-11
"LGALS12",3922.71996114919,-8.1519336743454,1.28803995008143,-6.32894474572004,1.40754912451123e-08,3.24318085609047e-06
"LOC90586",36.3301517837917,-4.65905746235185,0.977620533380072,-4.76571154478865,9.09869212264813e-05,0.00434349443567631
"PKDCC",1559.06157174434,-3.4287765672123,0.699226635605555,-4.90366984410264,0.000256841213795088,0.00954510325933961
"PLXNA4",4812.49480674641,-4.16378385786174,0.893597387739137,-4.65957478725,0.000199686629592548,0.00798792742127043
"CHRDL1",15113.8879146661,-5.23966222216599,0.833208030225731,-6.28854023495965,1.80586883723571e-07,2.69027753243709e-05
"TMEM132C",3057.50762254388,-6.90548583522026,1.07645470522757,-6.41502684849189,2.05509718842609e-08,4.33099201380381e-06
"PKHD1L1",107.443851788913,-4.50499623787653,0.715942245872187,-6.29240174588158,4.89928943029072e-07,6.04747290320385e-05
"MYOCD",100.871950429961,-4.52839406018429,0.650837170065731,-6.95779876820334,2.95809114817089e-08,5.61744759687264e-06
"FAM54A",287.528234476117,4.72114369787986,0.967573397533259,4.87936492457936,6.00689108914822e-05,0.00324390890348658
"RPLP0P2",155.500127358575,3.71470696813921,0.570616415715745,6.50998966351103,9.80031639939336e-07,0.000110692331828704
"C1QTNF1",4758.21078461516,-3.14882618494656,0.594539888317397,-5.29624041518565,0.000150598994088207,0.00631675052630657
"GPR146",1656.11078940925,-4.35746832587264,0.651322749440154,-6.690182907964,1.26919876443967e-07,1.97594809443982e-05
"SLC22A12",31.8006418973712,-8.51839475767231,1.66504797744642,-5.11600558846146,3.16496993471139e-06,0.000283387800216308
"RBP7",2055.21324027919,-3.5327959691074,0.653332160650585,-5.40735047481737,5.2933674614058e-05,0.00294130813828147
"LYPD1",369.747099006147,4.10261015777805,0.872685642610643,4.70113172196241,0.000188816935037763,0.00765949637180184
"MRGPRX2",14.54621967005,-6.20723065489168,1.34142734806194,-4.62733271679581,5.1869435347624e-05,0.00291972544704329
"HRASLS5",3023.96626073891,-5.41335505829195,0.883143417591002,-6.12964434820593,2.90654800959956e-07,3.89364776386744e-05
"GALNTL2",3307.47007410483,-3.62608708047644,0.726964930724852,-4.98798075013178,0.000151688988885223,0.0063470639635001
"TMC2",51.3569197472661,-4.96823173050262,0.804008209094721,-6.17932960671712,3.9960310215317e-07,5.0040153683398e-05
"TWIST2",254.02816697368,-3.12193112885463,0.583822945733672,-5.34739367760101,0.000139235492976292,0.00595576374782995
"KLHL33",11.1394894535964,-4.90567905387771,1.12696303441304,-4.35300795507702,0.000264538705866515,0.0096853673222018
"CCDC78",92.6208975390637,3.82546212046101,0.71157610011251,5.37604076339292,3.58294323588303e-05,0.00215738125642142
"PAQR4",2549.84740572086,3.34006757145697,0.588482834024525,5.67572642453283,3.49770968107659e-05,0.00212083933328718
"HSPB6",17235.1777135703,-5.43622284075068,0.823097166692695,-6.60459428209926,3.52934173927529e-08,6.48835687195919e-06
"IQGAP3",1549.52771468026,4.86831275261355,1.00650995973888,4.83682521519859,6.06999452633679e-05,0.00326777493487932
"ACVR1C",6948.77791672572,-7.20719808116383,1.08277323170457,-6.65623961705982,4.94266740095825e-09,1.26688016290592e-06
"LRRC15",3868.02454216601,3.76801941401432,0.634277648738498,5.94064668920378,6.38381689838719e-06,0.000517928355967272
"COL6A6",920.065194866456,-4.8826845160703,0.804551030522666,-6.06883134920395,6.96854910076918e-07,8.19207462655729e-05
"WBSCR28",13.1415538670173,7.04203817829932,1.58388142710529,4.44606399051563,6.83645359069265e-05,0.00358002286365938
"ADHFE1",953.145354698801,-4.06825785483923,0.698451474904768,-5.82468217336634,5.59131047684986e-06,0.000462313092585849
"PNCK",99.3758555090554,4.57550573365975,0.76299798162893,5.99674683790312,1.39211520786735e-06,0.000143188022199863
"DOCK11",4703.14725836779,-3.49964418324284,0.709289032895046,-4.93401705220034,0.000212418287412851,0.00836173217490088
"TMEM37",3383.8459734587,-4.40338073425764,0.759310235194472,-5.79918527389514,3.69386431658091e-06,0.000322392268963811
"ADAMTS14",154.320791653432,4.21902460607987,0.481147967334276,8.76866347260014,1.11356204715344e-11,7.40133297571484e-09
"E2F7",131.680970495004,3.93596466662511,0.639357701243142,6.1561230262374,2.1945307600197e-06,0.000214004086856876
"A2ML1",586.618175760573,6.62449612675589,1.43771117042288,4.60766825982677,4.58019326861433e-05,0.00265605100251423
"GCOM1",2883.39715773003,-4.49396194651145,0.599068190242976,-7.50158666359625,2.73297325491974e-09,7.37945481535438e-07
"LOC145820",76.569724947926,-3.91289629633404,0.720353009179229,-5.43191497289975,2.63063684088703e-05,0.00168370500916181
"CD300LG",3567.45785280873,-7.20005470705573,1.05556517116921,-6.82104232283497,2.13110020106732e-09,5.93992622171683e-07
"KIF18B",348.598178780117,4.89622537492575,1.03391300009506,4.73562608698756,8.21457404316361e-05,0.00402141796147055
"EME1",173.069835938765,3.51026971183397,0.671993423955003,5.22366676027029,9.36500978086213e-05,0.00440172842690395
"NOTUM",14.5063334060697,5.14805665710092,0.995778492203694,5.16988135153239,1.5524216068413e-05,0.00107309591151298
"CILP2",611.48707060857,4.23159578872514,0.703431999532944,6.01564300676509,2.1737145027931e-06,0.000213431592742997
"ENTHD1",28.7752994869762,5.41581266482242,1.19879693824097,4.51770645391306,0.000115053542680138,0.00519122786176363
"SMYD1",481.185389203578,-5.1148250384697,1.13197533562548,-4.51849512749627,0.000138978192719499,0.00595576374782995
"GPBAR1",183.307036880499,-4.53083391803947,0.781612906868036,-5.79677469272451,3.1306376747786e-06,0.000283387800216308
"SGOL1",178.67133804951,4.71662409752397,0.875040379220785,5.39017879577635,1.08145500179476e-05,0.000808312358223347
"SHISA3",75.1661030885325,-3.9485777275505,0.776896659870323,-5.08250058406685,7.37242582886117e-05,0.00375819736721386
"KLB",2421.84907538493,-6.89300254656824,1.00748648478188,-6.84178165234699,2.46953112195758e-09,6.77396306643634e-07
"BTNL9",4908.12673260866,-6.23419716109963,0.729829906304071,-8.54198643718261,3.70078860072334e-13,5.80830048470288e-10
"GIMAP8",1796.5824951263,-2.91712675340123,0.544775914170518,-5.35472783858825,0.000216497990376196,0.00846448364635981
"PEBP4",27.3445319589245,-4.13519445392149,0.744685917966588,-5.55293762666132,1.27634730522901e-05,0.00093065644648365
"CDCA2",696.626225758848,5.41392886553417,0.931112499208787,5.81447340695637,1.06601623410104e-06,0.000117336474786624
"C14orf49",706.492536639706,-4.18616787667663,0.751556454569521,-5.56999790398233,1.12046114416367e-05,0.000829912450748958
"LGI4",478.301997515704,-3.42855058412631,0.675257135761925,-5.07740000445565,0.000161274560216008,0.00669948479589623
"ZNF676",76.2961429563809,-3.56483597570017,0.552178769162567,-6.45594538360572,1.70089556911907e-06,0.00017089056005783
"XIRP1",48.0048506269497,3.95100315245102,0.635213276192811,6.21996312188498,1.6947187848017e-06,0.00017089056005783
"COL22A1",870.714078846152,7.05722826944803,1.2291133656777,5.74172282762285,4.15133398837324e-07,5.16109371604878e-05
"C10orf128",138.466634458515,-3.30353679195746,0.593901379659266,-5.5624332677132,5.25184376036976e-05,0.00292869450457482
"LCTL",96.6476002502927,6.41325495619938,1.43228107548036,4.47765111610409,7.86965590620529e-05,0.00391917935778483
"ALG1L",90.0328762712345,4.19259910840671,0.643064371914041,6.51971916268305,3.44098979032016e-07,4.40472181974242e-05
"CXorf61",246.443278745242,11.5313725783833,3.02631989603307,3.8103614206478,0.000268080282355736,0.00977231084291923
"AQPEP",1292.40875668257,-8.24474236096629,1.03930896851329,-7.93290793281635,1.57650154333163e-12,1.81623487802093e-09
"PLAC9",1049.03146449894,-4.0782162708178,0.782092542664311,-5.21449323237985,4.14475878073736e-05,0.00243624409829668
"SKA1",337.033093293386,4.59642387201864,0.911841387922183,5.04081513835705,4.00449904891531e-05,0.00236992287891457
"HEPACAM",637.771841371337,-9.16453643759804,1.16054020317193,-7.8967849735408,9.95468336971966e-13,1.22876345222947e-09
"LRRN4CL",1212.75431941961,-4.27280173891646,0.764425421738902,-5.589559971981,9.28656727901092e-06,0.00071643379084191
"SKA3",650.741679826701,5.12379202313984,0.983197653663551,5.2113550149838,1.36880935126816e-05,0.000977454314019216
"C7orf41",12247.8467911678,-3.91773179099026,0.663955342596725,-5.90059532568567,5.55216856548614e-06,0.000462313092585849
"NKAPL",74.7934304969355,-2.99183643290712,0.572066576610791,-5.22987455521744,0.000249003343043826,0.00939769924302895
"EBF3",1234.81715847265,-3.88064940352667,0.691878171575815,-5.60886231558388,1.56688497060436e-05,0.00107449758638944
"ANGPTL5",74.9640133689252,-6.33324685184364,1.13838253866171,-5.56337315160251,1.40031107874411e-06,0.000143188022199863
"CNIH2",175.468420589211,5.02747934734853,0.901183360099241,5.5787529707549,3.92746531125642e-06,0.000341057929868453
"MAMDC2",1594.10485145119,-3.6002255815966,0.603470885388928,-5.96586458230922,8.20773646075674e-06,0.000638909431433951
"ASPM",1365.88167007655,4.86922780943787,1.02034421640646,4.77214231348981,7.46995199195083e-05,0.00379671295214418
"P4HA3",352.83038154661,3.3483478974083,0.639485082112191,5.23600626671204,0.00012021303923658,0.00538186925141796
"LOC283392",1201.11081204521,-8.99908329897393,1.39849783373001,-6.43482105007768,5.33391116576597e-09,1.31679026936574e-06
"TMEM145",57.285103932839,5.08676199453783,0.806899630450061,6.30408269204511,2.04445617737499e-07,2.91985514059646e-05
"SEC14L4",39.6429999130534,5.68216100170391,1.21995345486392,4.6576867166934,6.20460372699142e-05,0.00331955904043773
"CCDC141",69.6273217013209,-3.98191749376037,0.652944866106054,-6.09839773686743,2.47524674335365e-06,0.000236324524706599
"IGSF10",1983.53310364598,-3.42293957940348,0.57522069588256,-5.95065442517096,1.26452637784021e-05,0.000925944082010873
"SCARA5",3133.71284520061,-6.23680419480655,1.26628749711375,-4.92526713643,1.77102168454027e-05,0.00119085703231675
"TUSC5",10954.1613489752,-7.83488861202516,1.32444054986681,-5.91562121290615,1.23102124591747e-07,1.93393437733635e-05
"TRIM59",533.466834412887,2.80511138638337,0.483037499459069,5.80723316414293,9.31142695656465e-05,0.0043964691048195
"GPIHBP1",1022.84742097776,-3.86968195986468,0.77513042422369,-4.99229786231169,0.000106872382800685,0.00487059337236108
"GPR109A",1586.85171010638,-3.78078511477924,0.800916217402102,-4.72057505221059,0.000258294546087166,0.00955800439171803
"GPR120",86.4188679537194,-4.73879550760178,0.980798437436371,-4.83156918559957,6.89281929894684e-05,0.00359863475241995
"VSX2",12.3141446287327,-5.96477379915849,1.43020469539871,-4.17057349786957,0.000259460840038069,0.00956107185521605
"C11orf53",44.4453318865253,-3.85765930514224,0.69367421586373,-5.56119748567974,1.89766535162326e-05,0.00126616042244794
"GLDN",1244.78662260015,-5.21987137384595,0.832941852251983,-6.26678964411891,2.02890480644482e-07,2.91985514059646e-05
"HSD17B13",503.417901109932,-7.11263319452219,0.879517649621942,-8.08697039517005,1.8266440935446e-12,1.97288978628401e-09
"PLCXD3",286.734959822545,-4.07768822559414,0.830964634179457,-4.90717421400334,0.000106216814316566,0.00485590679419198
"BMP8A",517.322272899784,3.36837604464204,0.61750173149909,5.45484469568164,6.26759628780103e-05,0.00333711376577952
"PTCHD3",100.409826945295,-9.60029598743221,1.61986205563335,-5.92661329033886,5.506050318474e-08,9.80928407768548e-06
"C18orf34",117.799310698478,-3.63454295459656,0.655045999665291,-5.54853087638685,2.8862768388869e-05,0.00182035584134323
"FAM89A",1585.541455274,-3.35330019916328,0.674838534775089,-4.96904077992652,0.000244048742600326,0.00930420057154189
"CENPW",2017.14909178613,4.92550571499428,1.05965907088156,4.64819851058004,0.000105915801705466,0.0048549893084142
"SLC16A12",74.2169308695728,-3.77390757067035,0.683829015790811,-5.51878829871826,2.49137715943971e-05,0.00160050143837463
"LOC388152",740.823378315342,2.61448784810207,0.430946596752025,6.06684881098271,8.97039267837614e-05,0.00430393602571394
"MUSTN1",170.601604831968,-3.44198568247286,0.646776358174014,-5.32175556353098,7.98031387699097e-05,0.00394022297452231
"TMEM195",80.6720451873282,-4.54635417288512,0.931529648248502,-4.88052546844145,7.03263328503378e-05,0.00363895343910987
"FAM180B",119.353098532625,-5.20064954909962,1.02355413400316,-5.08097166171336,2.03054879413755e-05,0.0013393096836447
"C14orf180",1156.54750790892,-8.58399024032342,1.16737152595498,-7.35326333516761,4.10674923947337e-11,2.13791659518589e-08
"DEFB132",960.134405379677,-7.16317279447513,1.77461413441903,-4.03646779068409,0.000259483982414,0.00956107185521605
"KLHL31",1289.07102542231,-4.34174688984318,0.839283563072235,-5.17315849002215,3.42170375827907e-05,0.00208205854390213
"PRRT4",440.691300217335,-5.37933719216674,0.932609121491147,-5.76805123197351,1.32789114215892e-06,0.000139074465622111
"TMEM215",58.6881366479423,8.01439658322782,1.45901554039623,5.49301660011882,7.64001213185254e-07,8.86087581547274e-05
"LOC415056",12.7870582783919,-7.20545529764788,1.76062368626503,-4.09255842339227,0.000213655968305123,0.00839133815518369
"MAP1LC3C",296.866511724757,-5.65844862839453,0.733380133410322,-7.71557391673803,1.06249683827352e-10,4.59025196555118e-08
"LOC572558",16.9787530158465,-5.65024130326018,1.18567910989407,-4.76540512193471,4.39174782453183e-05,0.00256397953228833
"HEPN1",428.686637811684,-6.90443996025427,1.12844828707406,-6.11852580161801,8.36840357866851e-08,1.37727983088543e-05
"PGA3",35.9926378433946,-5.15983346595918,1.08739730060914,-4.74512256290205,6.52620247132336e-05,0.0034279423983872
"UCA1",127.912227127516,6.27831022356284,1.24523295899795,5.04187604270856,1.12377474379524e-05,0.000829912450748958
"C2orf84",59.3234839523791,-4.22716251520116,0.877105951234916,-4.81944343126341,0.000116924876303311,0.00526192392551437
"ABCC6P1",35.6026715884565,-3.42528017289491,0.636388094231097,-5.38237626370656,6.92006215450089e-05,0.00360197572566054
"PLIN4",91672.8683243734,-7.93708858854516,1.09181845326756,-7.26960472667529,1.05097375405297e-10,4.59025196555118e-08
"PRCD",63.2785858831324,-3.55029072924784,0.698693702191817,-5.08132636391383,0.000131077299900833,0.00572006772622803
"TLX1NB",21.4721246918879,7.16932546405546,1.70390014502089,4.20759719107106,0.000147714243460974,0.00622597522255875
